shape_id,type,name,material,solid_id,part,x,y,z,nbores,rotY45,orientation,material_match
0,BOX,LeadBrick2x4x16PV,granite gray,0,AI-129669-A_1,-33.696,103.313,-280.683,0,,x->x y->z z->-y,1.0
0,BOX,LeadBrick2x4x16PV,granite gray,7,AI-129842-A_1,-579.015,-32.245,183.274,0,,x->y y->x z->-z,1.0
0,BOX,LeadBrick2x4x16PV,granite gray,16,AI-129762-A_1,-33.696,103.313,-179.083,0,,x->x y->z z->-y,1.0
0,BOX,LeadBrick2x4x16PV,granite gray,32,AI-129611-A_1,-120.928,-101.466,30.95,0,,x->-x y->y z->-z,1.0
0,BOX,LeadBrick2x4x16PV,granite gray,34,AI-129616-A_1,-120.928,101.734,30.95,0,,x->-x y->y z->-z,1.0
0,BOX,LeadBrick2x4x16PV,granite gray,37,AI-129635-A_1,-120.928,203.334,107.35,0,,x->-x y->y z->-z,1.0
0,BOX,LeadBrick2x4x16PV,granite gray,39,AI-129636-A_1,82.272,101.734,107.55,0,,x->-x y->y z->-z,1.0
0,BOX,LeadBrick2x4x16PV,granite gray,40,AI-129761-A_1,82.272,-101.466,107.55,0,,x->-x y->y z->-z,1.0
0,BOX,LeadBrick2x4x16PV,granite gray,45,AI-129647-A_1,82.272,203.334,30.95,0,,x->-x y->y z->-z,1.0
0,BOX,LeadBrick2x4x16PV,granite gray,57,AI-129686-A_1,-45.234,-184.94,260.35,0,,x->x y->-z z->y,1.0
0,BOX,LeadBrick2x4x16PV,granite gray,99,AI-129778-A_1,-45.179,-108.74,260.35,0,,x->x y->-z z->y,1.0
0,BOX,LeadBrick2x4x16PV,granite gray,109,AI-129700-A_1,-33.733,52.513,-280.683,0,,x->x y->z z->-y,1.0
0,BOX,LeadBrick2x4x16PV,granite gray,129,AI-129713-A_1,-33.733,-49.087,-280.683,0,,x->x y->z z->-y,1.0
0,BOX,LeadBrick2x4x16PV,granite gray,138,AI-129654-A_1,-33.733,52.513,-179.083,0,,x->x y->z z->-y,1.0
0,BOX,LeadBrick2x4x16PV,granite gray,177,AI-129656-A_1,-33.77,-99.887,-280.683,0,,x->x y->z z->-y,1.0
0,BOX,LeadBrick2x4x16PV,granite gray,193,AI-129776-A_1,-120.928,101.734,183.35,0,,x->-x y->y z->-z,1.0
0,BOX,LeadBrick2x4x16PV,granite gray,194,AI-129782-A_1,-120.928,-101.466,183.35,0,,x->-x y->y z->-z,1.0
0,BOX,LeadBrick2x4x16PV,granite gray,195,AI-129664-A_1,-33.733,-49.087,-179.083,0,,x->x y->z z->-y,1.0
0,BOX,LeadBrick2x4x16PV,granite gray,203,AI-129816-A_1,-33.77,-99.887,-179.083,0,,x->x y->z z->-y,1.0
0,BOX,LeadBrick2x4x16PV,granite gray,208,AI-129839-A_1,82.272,203.334,183.35,0,,x->-x y->y z->-z,1.0
1,BOX,LeadBrick2x4x8PV,granite gray,1,AI-129804-A_1,-604.922,114.054,539.75,0,,x->-x y->-z z->-y,1.0
1,BOX,LeadBrick2x4x8PV,granite gray,2,AI-129678-A_1,-760.72,-184.347,514.327,0,,x->-z y->y z->x,1.0
1,BOX,LeadBrick2x4x8PV,granite gray,3,AI-129814-A_1,158.278,113.611,311.15,0,,x->-z y->x z->-y,1.0
1,BOX,LeadBrick2x4x8PV,granite gray,4,AI-129818-A_1,-731.615,120.155,183.164,0,,x->x y->y z->z,1.0
1,BOX,LeadBrick2x4x8PV,granite gray,5,AI-129683-A_1,-682.52,-184.404,717.527,0,,x->-z y->y z->x,1.0
1,BOX,LeadBrick2x4x8PV,granite gray,8,AI-129706-A_1,-169.46,1.713,-280.683,0,,x->-x y->z z->y,1.0
1,BOX,LeadBrick2x4x8PV,granite gray,10,AI-129711-A_1,-682.373,18.796,514.327,0,,x->-z y->y z->x,1.0
1,BOX,LeadBrick2x4x8PV,granite gray,11,AI-129714-A_1,-197.722,113.759,666.75,0,,x->-x y->-z z->-y,1.0
1,BOX,LeadBrick2x4x8PV,granite gray,12,AI-129726-A_1,-682.373,18.796,311.127,0,,x->-z y->y z->x,1.0
1,BOX,LeadBrick2x4x8PV,granite gray,14,AI-129739-A_1,5.878,113.611,463.55,0,,x->-x y->-z z->-y,1.0
1,BOX,LeadBrick2x4x8PV,granite gray,15,AI-129629-A_1,-118.616,-23.478,-356.883,0,,x->-y y->-x z->-z,1.0
1,BOX,LeadBrick2x4x8PV,granite gray,17,AI-129639-A_1,-760.499,120.453,514.327,0,,x->-z y->y z->x,1.0
1,BOX,LeadBrick2x4x8PV,granite gray,19,AI-129661-A_1,-426.415,120.155,183.164,0,,x->x y->y z->z,1.0
1,BOX,LeadBrick2x4x8PV,granite gray,20,AI-129802-A_1,-682.446,-82.804,514.327,0,,x->-z y->y z->x,1.0
1,BOX,LeadBrick2x4x8PV,granite gray,21,AI-129807-A_1,-197.722,113.759,260.35,0,,x->-x y->-z z->-y,1.0
1,BOX,LeadBrick2x4x8PV,granite gray,22,AI-129812-A_1,-349.715,-184.645,261.364,0,,x->x y->y z->z,1.0
1,BOX,LeadBrick2x4x8PV,granite gray,25,AI-129694-A_1,-760.646,-82.747,717.527,0,,x->-z y->y z->x,1.0
1,BOX,LeadBrick2x4x8PV,granite gray,26,AI-129699-A_1,-349.715,-83.045,261.364,0,,x->x y->y z->z,1.0
1,BOX,LeadBrick2x4x8PV,granite gray,27,AI-129841-A_1,5.878,113.611,768.35,0,,x->-x y->-z z->-y,1.0
1,BOX,LeadBrick2x4x8PV,granite gray,30,AI-129719-A_1,-760.573,18.853,514.327,0,,x->-z y->y z->x,1.0
1,BOX,LeadBrick2x4x8PV,granite gray,31,AI-129606-A_1,5.878,113.611,666.75,0,,x->-x y->-z z->-y,1.0
1,BOX,LeadBrick2x4x8PV,granite gray,33,AI-129732-A_1,-553.979,-108.445,748.35,0,,x->-x y->-z z->-y,1.0
1,BOX,LeadBrick2x4x8PV,granite gray,35,AI-129736-A_1,-350.379,-108.593,646.75,0,,x->-x y->-z z->-y,1.0
1,BOX,LeadBrick2x4x8PV,granite gray,36,AI-129620-A_1,-553.979,-108.445,646.75,0,,x->-x y->-z z->-y,1.0
1,BOX,LeadBrick2x4x8PV,granite gray,38,AI-129758-A_1,-350.379,-108.593,545.15,0,,x->-x y->-z z->-y,1.0
1,BOX,LeadBrick2x4x8PV,granite gray,41,AI-129638-A_1,-553.979,-108.445,545.15,0,,x->-x y->-z z->-y,1.0
1,BOX,LeadBrick2x4x8PV,granite gray,42,AI-129764-A_1,-350.379,-108.593,443.55,0,,x->-x y->-z z->-y,1.0
1,BOX,LeadBrick2x4x8PV,granite gray,44,AI-129768-A_1,-553.979,-108.445,443.55,0,,x->-x y->-z z->-y,1.0
1,BOX,LeadBrick2x4x8PV,granite gray,46,AI-129771-A_1,-350.379,-108.593,341.95,0,,x->-x y->-z z->-y,1.0
1,BOX,LeadBrick2x4x8PV,granite gray,48,AI-129659-A_1,-299.634,-184.719,392.75,0,,x->z y->-x z->-y,1.0
1,BOX,LeadBrick2x4x8PV,granite gray,49,AI-129789-A_1,-197.634,-185.014,412.75,0,,x->z y->-x z->-y,1.0
1,BOX,LeadBrick2x4x8PV,granite gray,50,AI-129660-A_1,-222.528,203.334,30.95,0,,x->x y->y z->z,1.0
1,BOX,LeadBrick2x4x8PV,granite gray,51,AI-129792-A_1,-554.034,-184.645,748.35,0,,x->-x y->-z z->-y,1.0
1,BOX,LeadBrick2x4x8PV,granite gray,52,AI-129663-A_1,-222.528,0.134,30.95,0,,x->x y->y z->z,1.0
1,BOX,LeadBrick2x4x8PV,granite gray,53,AI-129794-A_1,183.872,101.734,30.95,0,,x->x y->y z->z,1.0
1,BOX,LeadBrick2x4x8PV,granite gray,54,AI-129665-A_1,56.766,-185.088,768.35,0,,x->-x y->-z z->-y,1.0
1,BOX,LeadBrick2x4x8PV,granite gray,55,AI-129798-A_1,183.872,-101.466,30.95,0,,x->x y->y z->z,1.0
1,BOX,LeadBrick2x4x8PV,granite gray,56,AI-129670-A_1,-350.434,-184.793,748.35,0,,x->-x y->-z z->-y,1.0
1,BOX,LeadBrick2x4x8PV,granite gray,58,AI-129822-A_1,-222.528,101.734,107.55,0,,x->x y->y z->z,1.0
1,BOX,LeadBrick2x4x8PV,granite gray,59,AI-129687-A_1,-222.528,-101.466,107.55,0,,x->x y->y z->z,1.0
1,BOX,LeadBrick2x4x8PV,granite gray,60,AI-129824-A_1,-452.034,-184.719,443.55,0,,x->-x y->-z z->-y,1.0
1,BOX,LeadBrick2x4x8PV,granite gray,61,AI-129689-A_1,-452.034,-184.719,341.95,0,,x->x y->z z->-y,1.0
1,BOX,LeadBrick2x4x8PV,granite gray,62,AI-129827-A_1,183.872,203.334,107.55,0,,x->x y->y z->z,1.0
1,BOX,LeadBrick2x4x8PV,granite gray,63,AI-129692-A_1,-146.834,-184.94,768.35,0,,x->-x y->-z z->-y,1.0
1,BOX,LeadBrick2x4x8PV,granite gray,64,AI-129833-A_1,183.872,0.134,107.55,0,,x->x y->y z->z,1.0
1,BOX,LeadBrick2x4x8PV,granite gray,65,AI-129697-A_1,107.166,-184.94,412.75,0,,x->z y->-x z->-y,1.0
1,BOX,LeadBrick2x4x8PV,granite gray,66,AI-129838-A_1,-45.234,-184.94,463.55,0,,x->-x y->-z z->-y,1.0
1,BOX,LeadBrick2x4x8PV,granite gray,72,AI-129780-A_1,260.195,18.112,717.55,0,,x->z y->y z->-x,1.0
1,BOX,LeadBrick2x4x8PV,granite gray,73,AI-129657-A_1,260.195,18.112,514.35,0,,x->z y->y z->-x,1.0
1,BOX,LeadBrick2x4x8PV,granite gray,74,AI-129784-A_1,260.195,18.112,311.15,0,,x->z y->y z->-x,1.0
1,BOX,LeadBrick2x4x8PV,granite gray,76,AI-129666-A_1,183.895,18.167,311.15,0,,x->z y->y z->-x,1.0
1,BOX,LeadBrick2x4x8PV,granite gray,77,AI-129799-A_1,183.895,18.167,717.55,0,,x->z y->y z->-x,1.0
1,BOX,LeadBrick2x4x8PV,granite gray,78,AI-129850-A_1,-452.034,-184.719,545.15,0,,x->x y->z z->-y,1.0
1,BOX,LeadBrick2x4x8PV,granite gray,79,AI-129715-A_1,-452.034,-184.719,646.75,0,,x->-x y->-z z->-y,1.0
1,BOX,LeadBrick2x4x8PV,granite gray,80,AI-129721-A_1,-299.634,-184.719,595.95,0,,x->z y->-x z->-y,1.0
1,BOX,LeadBrick2x4x8PV,granite gray,81,AI-129609-A_1,-45.234,-184.94,666.75,0,,x->-x y->-z z->-y,1.0
1,BOX,LeadBrick2x4x8PV,granite gray,82,AI-129727-A_1,-45.234,-185.014,565.15,0,,x->-x y->-z z->-y,1.0
1,BOX,LeadBrick2x4x8PV,granite gray,83,AI-129612-A_1,107.166,-184.94,615.95,0,,x->z y->-x z->-y,1.0
1,BOX,LeadBrick2x4x8PV,granite gray,84,AI-129733-A_1,-197.634,-185.014,615.95,0,,x->z y->-x z->-y,1.0
1,BOX,LeadBrick2x4x8PV,granite gray,85,AI-129618-A_1,-553.579,-108.445,341.95,0,,x->-x y->-z z->-y,1.0
1,BOX,LeadBrick2x4x8PV,granite gray,86,AI-129740-A_1,-604.434,-184.719,392.75,0,,x->-z y->x z->-y,1.0
1,BOX,LeadBrick2x4x8PV,granite gray,89,AI-129630-A_1,56.821,-108.888,768.35,0,,x->-x y->-z z->-y,1.0
1,BOX,LeadBrick2x4x8PV,granite gray,90,AI-129637-A_1,56.821,-108.888,666.75,0,,x->-x y->-z z->-y,1.0
1,BOX,LeadBrick2x4x8PV,granite gray,91,AI-129763-A_1,56.821,-108.888,565.15,0,,x->-x y->-z z->-y,1.0
1,BOX,LeadBrick2x4x8PV,granite gray,92,AI-129640-A_1,56.821,-108.888,463.55,0,,x->-x y->-z z->-y,1.0
1,BOX,LeadBrick2x4x8PV,granite gray,93,AI-129767-A_1,56.821,-108.888,361.95,0,,x->-x y->-z z->-y,1.0
1,BOX,LeadBrick2x4x8PV,granite gray,94,AI-129645-A_1,-146.779,-108.74,768.35,0,,x->-x y->-z z->-y,1.0
1,BOX,LeadBrick2x4x8PV,granite gray,95,AI-129770-A_1,-146.779,-108.74,666.75,0,,x->-x y->-z z->-y,1.0
1,BOX,LeadBrick2x4x8PV,granite gray,96,AI-129650-A_1,-146.779,-108.74,565.15,0,,x->-x y->-z z->-y,1.0
1,BOX,LeadBrick2x4x8PV,granite gray,97,AI-129774-A_1,-146.779,-108.74,463.55,0,,x->-x y->-z z->-y,1.0
1,BOX,LeadBrick2x4x8PV,granite gray,98,AI-129653-A_1,-146.779,-108.74,361.95,0,,x->-x y->-z z->-y,1.0
1,BOX,LeadBrick2x4x8PV,granite gray,100,AI-129790-A_1,-350.379,-108.593,748.35,0,,x->-x y->-z z->-y,1.0
1,BOX,LeadBrick2x4x8PV,granite gray,102,AI-129797-A_1,-552.915,-83.045,261.364,0,,x->x y->y z->z,1.0
1,BOX,LeadBrick2x4x8PV,granite gray,103,AI-129675-A_1,-401.322,113.907,336.55,0,,x->-x y->-z z->-y,1.0
1,BOX,LeadBrick2x4x8PV,granite gray,104,AI-129688-A_1,-604.922,114.054,438.15,0,,x->-x y->-z z->-y,1.0
1,BOX,LeadBrick2x4x8PV,granite gray,105,AI-129826-A_1,-760.72,-184.347,717.527,0,,x->-z y->y z->x,1.0
1,BOX,LeadBrick2x4x8PV,granite gray,106,AI-129691-A_1,-760.646,-82.747,311.127,0,,x->-z y->y z->x,1.0
1,BOX,LeadBrick2x4x8PV,granite gray,107,AI-129831-A_1,-604.922,114.054,336.55,0,,x->-x y->-z z->-y,1.0
1,BOX,LeadBrick2x4x8PV,granite gray,110,AI-129705-A_1,118.667,1.713,-229.883,0,,x->-z y->-x z->y,1.0
1,BOX,LeadBrick2x4x8PV,granite gray,112,AI-129720-A_1,-760.573,18.853,717.527,0,,x->-z y->y z->x,1.0
1,BOX,LeadBrick2x4x8PV,granite gray,113,AI-129607-A_1,-197.722,113.759,768.35,0,,x->-x y->-z z->-y,1.0
1,BOX,LeadBrick2x4x8PV,granite gray,114,AI-129725-A_1,-401.322,113.907,539.75,0,,x->-x y->-z z->-y,1.0
1,BOX,LeadBrick2x4x8PV,granite gray,115,AI-129617-A_1,-731.615,-184.645,183.164,0,,x->x y->y z->z,1.0
1,BOX,LeadBrick2x4x8PV,granite gray,116,AI-129759-A_1,-760.72,-184.347,311.127,0,,x->-z y->y z->x,1.0
1,BOX,LeadBrick2x4x8PV,granite gray,119,AI-129808-A_1,158.278,113.463,717.55,0,,x->-z y->x z->-y,1.0
1,BOX,LeadBrick2x4x8PV,granite gray,120,AI-129677-A_1,-604.922,114.054,641.35,0,,x->-x y->-z z->-y,1.0
1,BOX,LeadBrick2x4x8PV,granite gray,121,AI-129813-A_1,-682.52,-184.404,311.127,0,,x->-z y->y z->x,1.0
1,BOX,LeadBrick2x4x8PV,granite gray,122,AI-129681-A_1,-426.415,-83.045,183.164,0,,x->x y->y z->z,1.0
1,BOX,LeadBrick2x4x8PV,granite gray,123,AI-129817-A_1,-731.615,18.555,183.164,0,,x->x y->y z->z,1.0
1,BOX,LeadBrick2x4x8PV,granite gray,125,AI-129820-A_1,158.278,113.611,514.35,0,,x->-z y->x z->-y,1.0
1,BOX,LeadBrick2x4x8PV,granite gray,126,AI-129704-A_1,-682.52,-184.404,514.327,0,,x->-z y->y z->x,1.0
1,BOX,LeadBrick2x4x8PV,granite gray,127,AI-129844-A_1,-604.522,139.307,260.35,0,,x->-x y->-y z->z,1.0
1,BOX,LeadBrick2x4x8PV,granite gray,128,AI-129849-A_1,-197.722,113.759,463.55,0,,x->-x y->-z z->-y,1.0
1,BOX,LeadBrick2x4x8PV,granite gray,130,AI-129716-A_1,-426.415,18.555,183.164,0,,x->x y->y z->z,1.0
1,BOX,LeadBrick2x4x8PV,granite gray,131,AI-129738-A_1,-682.373,18.796,717.527,0,,x->-z y->y z->x,1.0
1,BOX,LeadBrick2x4x8PV,granite gray,132,AI-129622-A_1,5.878,113.611,260.35,0,,x->-x y->-z z->-y,1.0
1,BOX,LeadBrick2x4x8PV,granite gray,133,AI-129744-A_1,-760.499,120.453,311.127,0,,x->-z y->y z->x,1.0
1,BOX,LeadBrick2x4x8PV,granite gray,134,AI-129749-A_1,-401.322,113.907,438.15,0,,x->-x y->-z z->-y,1.0
1,BOX,LeadBrick2x4x8PV,granite gray,136,AI-129643-A_1,-682.446,-82.804,717.527,0,,x->-z y->y z->x,1.0
1,BOX,LeadBrick2x4x8PV,granite gray,137,AI-129649-A_1,5.878,113.611,565.15,0,,x->-x y->-z z->-y,1.0
1,BOX,LeadBrick2x4x8PV,granite gray,139,AI-129785-A_1,118.704,-23.65,-356.883,0,,x->-y y->-x z->-z,1.0
1,BOX,LeadBrick2x4x8PV,granite gray,140,AI-129796-A_1,-760.499,120.453,717.527,0,,x->-z y->y z->x,1.0
1,BOX,LeadBrick2x4x8PV,granite gray,141,AI-129801-A_1,-552.915,-184.645,261.364,0,,x->x y->y z->z,1.0
1,BOX,LeadBrick2x4x8PV,granite gray,144,AI-129811-A_1,-197.722,113.759,565.15,0,,x->-x y->-z z->-y,1.0
1,BOX,LeadBrick2x4x8PV,granite gray,146,AI-129682-A_1,-552.915,18.555,261.364,0,,x->x y->y z->z,1.0
1,BOX,LeadBrick2x4x8PV,granite gray,147,AI-129840-A_1,-604.922,114.054,742.95,0,,x->-x y->-z z->-y,1.0
1,BOX,LeadBrick2x4x8PV,granite gray,148,AI-129703-A_1,-682.446,-82.804,311.127,0,,x->-z y->y z->x,1.0
1,BOX,LeadBrick2x4x8PV,granite gray,149,AI-129843-A_1,5.878,113.611,361.95,0,,x->-x y->-z z->-y,1.0
1,BOX,LeadBrick2x4x8PV,granite gray,150,AI-129847-A_1,-169.46,1.713,-179.083,0,,x->-x y->z z->y,1.0
1,BOX,LeadBrick2x4x8PV,granite gray,153,AI-129729-A_1,-45.234,-185.014,361.95,0,,x->-x y->-z z->-y,1.0
1,BOX,LeadBrick2x4x8PV,granite gray,154,AI-129614-A_1,-604.434,-184.719,595.95,0,,x->-z y->x z->-y,1.0
1,BOX,LeadBrick2x4x8PV,granite gray,155,AI-129735-A_1,183.895,18.167,514.35,0,,x->z y->y z->-x,1.0
1,BOX,LeadBrick2x4x8PV,granite gray,160,AI-129791-A_1,-731.615,-83.045,183.164,0,,x->x y->y z->z,1.0
1,BOX,LeadBrick2x4x8PV,granite gray,166,AI-129623-A_1,-158.968,43.521,769.032,0,,x->-x y->-z z->-y,1.0
1,BOX,LeadBrick2x4x8PV,granite gray,167,AI-129745-A_1,-158.968,-32.679,794.432,0,,x->-x y->y z->-z,1.0
1,BOX,LeadBrick2x4x8PV,granite gray,169,AI-129751-A_1,-158.968,-32.679,743.632,0,,x->-x y->y z->-z,1.0
1,BOX,LeadBrick2x4x8PV,granite gray,171,AI-129753-A_1,-147.171,18.121,628.43,0,yes,,1.0
1,BOX,LeadBrick2x4x8PV,granite gray,172,AI-129754-A_1,-165.131,-58.088,610.469,0,yes,,1.0
1,BOX,LeadBrick2x4x8PV,granite gray,174,AI-129651-A_1,-197.722,113.759,361.95,0,,x->-x y->-z z->-y,1.0
1,BOX,LeadBrick2x4x8PV,granite gray,176,AI-129779-A_1,-183.092,18.121,592.509,0,yes,,1.0
1,BOX,LeadBrick2x4x8PV,granite gray,181,AI-129680-A_1,-349.715,18.555,261.364,0,,x->x y->y z->z,1.0
1,BOX,LeadBrick2x4x8PV,granite gray,184,AI-129737-A_1,260.269,119.712,311.15,0,,x->z y->y z->-x,1.0
1,BOX,LeadBrick2x4x8PV,granite gray,185,AI-129621-A_1,-401.322,113.907,641.35,0,,x->-x y->-z z->-y,1.0
1,BOX,LeadBrick2x4x8PV,granite gray,186,AI-129743-A_1,260.269,119.712,514.35,0,,x->z y->y z->-x,1.0
1,BOX,LeadBrick2x4x8PV,granite gray,187,AI-129628-A_1,260.269,119.712,717.55,0,,x->z y->y z->-x,1.0
1,BOX,LeadBrick2x4x8PV,granite gray,191,AI-129769-A_1,-760.646,-82.747,514.327,0,,x->-z y->y z->x,1.0
1,BOX,LeadBrick2x4x8PV,granite gray,192,AI-129772-A_1,-401.322,139.307,260.35,0,,x->-x y->y z->-z,1.0
1,BOX,LeadBrick2x4x8PV,granite gray,196,AI-129795-A_1,183.821,-83.433,717.55,0,,x->z y->y z->-x,1.0
1,BOX,LeadBrick2x4x8PV,granite gray,197,AI-129667-A_1,183.872,101.734,183.35,0,,x->x y->y z->z,1.0
1,BOX,LeadBrick2x4x8PV,granite gray,198,AI-129800-A_1,260.121,-83.488,514.35,0,,x->z y->y z->-x,1.0
1,BOX,LeadBrick2x4x8PV,granite gray,199,AI-129805-A_1,260.121,-83.488,311.15,0,,x->z y->y z->-x,1.0
1,BOX,LeadBrick2x4x8PV,granite gray,201,AI-129810-A_1,183.872,-101.466,183.35,0,,x->x y->y z->z,1.0
1,BOX,LeadBrick2x4x8PV,granite gray,202,AI-129679-A_1,260.047,-185.088,717.55,0,,x->z y->y z->-x,1.0
1,BOX,LeadBrick2x4x8PV,granite gray,204,AI-129828-A_1,183.747,-185.033,311.15,0,,x->z y->y z->-x,1.0
1,BOX,LeadBrick2x4x8PV,granite gray,205,AI-129693-A_1,183.747,-185.033,717.55,0,,x->z y->y z->-x,1.0
1,BOX,LeadBrick2x4x8PV,granite gray,207,AI-129698-A_1,-426.415,-184.645,183.164,0,,x->x y->y z->z,1.0
1,BOX,LeadBrick2x4x8PV,granite gray,209,AI-129702-A_1,-222.528,203.334,183.35,0,,x->x y->y z->z,1.0
1,BOX,LeadBrick2x4x8PV,granite gray,211,AI-129707-A_1,-222.528,0.134,183.35,0,,x->x y->y z->z,1.0
1,BOX,LeadBrick2x4x8PV,granite gray,212,AI-129845-A_1,260.321,-83.488,717.55,0,,x->z y->y z->-x,1.0
1,BOX,LeadBrick2x4x8PV,granite gray,213,AI-129712-A_1,260.047,-185.088,514.35,0,,x->z y->y z->-x,1.0
1,BOX,LeadBrick2x4x8PV,granite gray,214,AI-129718-A_1,183.821,-83.433,311.15,0,,x->z y->y z->-x,1.0
1,BOX,LeadBrick2x4x8PV,granite gray,216,AI-129610-A_1,183.747,-185.033,514.35,0,,x->z y->y z->-x,1.0
1,BOX,LeadBrick2x4x8PV,granite gray,217,AI-129728-A_1,-760.573,18.853,311.127,0,,x->-z y->y z->x,1.0
1,BOX,LeadBrick2x4x8PV,granite gray,218,AI-129613-A_1,183.821,-83.433,514.35,0,,x->z y->y z->-x,1.0
1,BOX,LeadBrick2x4x8PV,granite gray,219,AI-129734-A_1,-401.322,113.907,742.95,0,,x->-x y->-z z->-y,1.0
1,BOX,LeadBrick2x4x8PV,granite gray,221,AI-129742-A_1,260.047,-185.088,311.15,0,,x->z y->y z->-x,1.0
2,BOX_HOLE,SteelBkwall2PV,medium steel,6,AI-129701-A_1,-248.276,78.503,368.3,4,,x->-x y->z z->y,1.0
2,BOX_HOLE,SteelBkwall2PV,medium steel,108,AI-129836-A_1,-248.276,78.503,685.8,4,,x->-x y->z z->y,1.0
3,PRISM,CopperBkwall3PV,medium maroon,9,AI-129788-A_1,-639.873,-8.268,722.656,0,yes,x->x y->z z->-y,1.0
4,BOX,BPFwall4PV,strong ice,13,AI-129615-A_1,-590.715,-32.317,144.99,0,,x->-x y->-y z->z,1.0
5,BOX,SteelBrick1x6x24PV,medium steel,18,AI-129655-A_1,-798.72,95.028,514.995,0,,x->z y->-y z->x,1.0
5,BOX,SteelBrick1x6x24PV,medium steel,23,AI-129825-A_1,-722.203,94.986,514.995,0,,x->z y->-y z->x,1.0
5,BOX,SteelBrick1x6x24PV,medium steel,117,AI-129766-A_1,222.079,94.32,514.995,0,,x->z y->-y z->x,1.0
5,BOX,SteelBrick1x6x24PV,medium steel,118,AI-129644-A_1,298.432,94.3,514.995,0,,x->z y->-y z->x,1.0
6,BOX,SteelFwall6PV,medium steel,24,AI-129690-A_1,-39.92,1.713,-306.083,0,,x->-z y->x z->-y,1.0
7,BOX,AluminumBkwall7PV,silver gray,28,AI-129717-A_1,-327.006,-248.577,355.6,0,,x->-x y->z z->y,1.0
8,BOX_HOLE,TungstenFwall8PV,powder gray,29,AI-129832-A_1,-0.035,-0.515,-50.8,4,,x->x y->-z z->y,1.0
9,BOX_HOLE,LeadFwall9PV,granite gray,43,AI-129641-A_1,-120.928,0.134,107.35,2,,x->-x y->y z->-z,1.0
10,BOX,SteelBrick3x6x8PV,medium steel,47,AI-129787-A_1,209.272,-194.066,107.15,0,,x->-z y->-x z->y,1.0
10,BOX,SteelBrick3x6x8PV,medium steel,188,AI-129748-A_1,-247.928,-193.734,107.15,0,,x->-z y->-x z->y,1.0
10,BOX,SteelBrick3x6x8PV,medium steel,189,AI-129765-A_1,-95.528,-193.844,107.15,0,,x->-z y->-x z->y,1.0
10,BOX,SteelBrick3x6x8PV,medium steel,190,AI-129642-A_1,56.872,-193.955,107.15,0,,x->-z y->-x z->y,1.0
11,BOX_HOLE,PolyFwall11PV,medium ice,67,AI-129604-A_1,-19.309,-58.625,69.25,2,,x->-x y->-y z->z,1.0
11,BOX_HOLE,PolyFwall11PV,medium ice,69,AI-129658-A_1,-19.309,-58.625,145.25,2,,x->-x y->-y z->z,1.0
12,BOX,PolyFwall12PV,medium ice,68,AI-129755-A_1,-19.309,144.675,69.25,0,,x->x y->-y z->-z,1.0
12,BOX,PolyFwall12PV,medium ice,70,AI-129821-A_1,-19.309,144.675,145.25,0,,x->x y->-y z->-z,1.0
13,PRISM,BPFwall13PV,strong ice,71,AI-129830-A_1,298.432,254.124,209.55,0,,x->-y y->-z z->x,0.898
14,BOX,CopperBkwall14PV,medium maroon,75,AI-129786-A_1,152.182,-8.288,520.7,0,,x->-z y->-y z->-x,1.0
15,PRISM,BPFwall15PV,strong ice,87,AI-129803-A_1,-245.189,-146.988,288.75,0,,x->x y->z z->-y,1.0
15,PRISM,BPFwall15PV,strong ice,88,AI-129619-A_1,-245.189,-223.188,288.75,0,,x->x y->z z->-y,1.0
16,BOX,BPFwall16PV,strong ice,101,AI-129708-A_1,-452.015,-84.017,222.152,0,,x->-x y->-y z->z,1.0
17,BOX,CopperBkwall17PV,medium maroon,111,AI-129731-A_1,-649.889,-1.956,763.527,0,,x->-y y->-z z->x,1.0
18,BOX_HOLE,SteelFwall18PV,medium steel,124,AI-129819-A_1,-18.927,-14.662,-524.169,1,,x->-x y->z z->y,1.0
19,PRISM,SteelRwall19PV,medium steel,135,AI-129631-A_1,-248.115,-6.863,286.745,0,yes,x->-x y->z z->y,1.0
20,BOX,SteelFwall20PV,medium steel,142,AI-129671-A_1,-502.922,139.307,222.25,0,,x->-x y->-y z->z,1.0
21,BOX,BPBrick1x10x24PV,strong ice,143,AI-129730-A_1,-721.694,-108.198,514.327,0,,x->z y->y z->-x,1.0
21,BOX,BPBrick1x10x24PV,strong ice,145,AI-129793-A_1,-798.894,-108.142,514.327,0,,x->z y->y z->-x,1.0
21,BOX,BPBrick1x10x24PV,strong ice,210,AI-129668-A_1,222.032,-108.883,514.35,0,,x->-z y->y z->x,1.0
22,PRISM,CopperBkwall22PV,medium maroon,151,AI-129634-A_1,-57.289,-77.118,819.15,0,,x->-x y->-z z->-y,1.0
23,PRISM,CopperFwall23PV,medium maroon,152,AI-129777-A_1,-126.763,-77.118,209.55,0,yes,x->-x y->z z->y,1.0
24,BOX_HOLE,CopperBkwall24PV,medium maroon,156,AI-129806-A_1,68.619,-1.938,373.714,1,yes,,1.0
25,TUBE,SteelTube25PV,medium steel,157,AI-129625-A_1,40.39,0.332,249.8,0,,,1.0
26,PRISM,LeadBkwall26PV,granite gray,158,AI-129746-A_1,145.919,55.221,380.064,0,yes,x->x y->-z z->y,1.0
27,PRISM,CopperRwall27PV,medium maroon,159,AI-129846-A_1,-273.411,-1.929,628.947,0,yes,x->x y->-z z->y,1.0
28,PRISM,SteelBwall28PV,medium steel,161,AI-129672-A_1,-129.21,-7.279,502.706,0,yes,x->z y->x z->y,1.0
29,BOX_HOLE,LeadBkwall29PV,granite gray,162,AI-129835-A_1,44.213,-7.279,405.464,1,yes,,1.0
30,BOX,AluminumFwall30PV,silver gray,163,AI-129633-A_1,-100.902,-86.282,-50.8,0,,x->y y->-z z->-x,1.0
30,BOX,AluminumFwall30PV,silver gray,164,AI-129684-A_1,100.708,-86.541,-50.8,0,,x->y y->-z z->-x,1.0
31,PRISM,LeadBkwall31PV,granite gray,165,AI-129741-A_1,145.832,-70.779,380.064,0,yes,x->x y->-z z->y,1.0
32,BOX_HOLE,AluminumFwall32PV,silver gray,168,AI-129757-A_1,-0.113,-60.68,-50.8,3,,x->-x y->-z z->-y,1.0
33,BOX,AluminumFwall33PV,silver gray,170,AI-129676-A_1,-0.201,-229.411,-50.8,0,,x->-x y->z z->y,1.0
34,BOX,SteelFwall34PV,medium steel,173,AI-129632-A_1,0.003,59.65,-50.8,0,,x->-x y->-z z->-y,1.0
35,BOX_HOLE,LeadBkwall35PV,granite gray,175,AI-129775-A_1,44.213,-7.279,456.264,1,,x->-x y->y z->-z,1.0
36,PRISM,CopperBkwall36PV,medium maroon,178,AI-129781-A_1,-273.411,-1.929,628.947,0,yes,x->x y->-z z->y,1.0
37,BOX,CopperBkwall37PV,medium maroon,179,AI-129673-A_1,-51.018,-1.929,656.764,0,,x->-z y->y z->x,1.0
38,BOX_HOLE,CopperBkwall38PV,medium maroon,180,AI-129627-A_1,45.269,-1.938,488.0,1,,x->-x y->y z->-z,1.0
39,BOX,SteelBkwall39PV,medium steel,182,AI-129709-A_1,-42.771,151.878,514.35,0,,x->-z y->-x z->y,1.0
40,BOX,SteelBkwall40PV,medium steel,183,AI-129848-A_1,-500.521,151.878,553.1,0,,x->-z y->x z->-y,1.0
41,BOX_HOLE,LeadFwall41PV,granite gray,200,AI-129674-A_1,82.272,0.134,183.35,2,,x->-x y->y z->-z,1.0
41,BOX_HOLE,LeadFwall41PV,granite gray,222,AI-129624-A_1,82.272,0.134,30.95,2,,x->-x y->y z->-z,1.0
42,BOX,SteelFwall42PV,medium steel,206,AI-129834-A_1,-336.828,9.124,81.65,0,,x->y y->-z z->-x,1.0
43,TUBE,SteelTube43PV,medium steel,215,AI-129605-A_1,-40.864,0.343,113.75,0,,,1.0
44,BOX_HOLE,CopperFwall44PV,medium maroon,220,AI-129752-A_1,0.532,-1.916,215.9,2,yes,,1.0
45,BOX,SteelFwall45PV,medium steel,223,AI-129852-A_1,-37.657,-137.962,-383.569,0,,x->z y->x z->y,0.225
