solid_id,shape_id,part,x,y,z,r11,r12,r13,r21,r22,r23,r31,r32,r33,orientation,rotY45,volume,material_match
0,0,F10257043--_1-2416 Lead Brick_001,-33.696,103.315,-280.683,-1,0,0,0,0,1,0,1,0,x->-x y->z z->y,,2097337.4,1.0
1,1,F10256760--_1-248 Lead Brick_001,-604.922,113.983,539.75,-1,0,0,0,0,1,0,1,0,x->-x y->z z->y,,1045819.4,0.997
2,1,F10256760--_1-248 Lead Brick_002,-760.72,-184.313,514.327,0,0,-1,0,1,0,1,0,0,x->z y->y z->-x,,1048720.3,1.0
3,1,F10256760--_1-248 Lead Brick_003,158.278,113.611,311.15,0,1,0,0,0,1,1,0,0,x->z y->x z->y,,1048772.1,1.0
4,1,F10256760--_1-248 Lead Brick_004,-731.615,120.163,183.222,1,0,0,0,1,0,0,0,1,x->x y->y z->z,,1047762.3,0.997
5,1,F10256760--_1-248 Lead Brick_005,-682.52,-184.37,717.527,0,0,-1,0,1,0,1,0,0,x->z y->y z->-x,,1048720.3,1.0
6,2,F10258742--_1-Top Al sq walls_001,-248.276,78.669,368.3,1,0,0,0,0,-1,0,1,0,x->x y->z z->-y,,5433781.4,0.983
7,0,F10257043--_1-2416 Lead Brick_002,-579.015,-32.245,183.422,0,-1,0,1,0,0,0,0,1,x->y y->-x z->z,,2097544.2,0.994
8,1,F10256760--_1-248 Lead Brick_006,-169.46,1.713,-280.683,-1,0,0,0,0,1,0,1,0,x->-x y->z z->y,,1048772.1,1.0
9,3,F10258530--_1-Left Cu Inner Sq_001,-639.873,-8.16,704.696,-1.0,9.302098221079549e-34,-3.1199001715442876e-15,-1.7159234103059084e-14,-5.421010862427521e-20,1.0,-0.0,1.0,5.421010862427522e-20,x->-x y->z z->y,yes,1325545.7,0.999
10,1,F10256760--_1-248 Lead Brick_007,-682.373,18.669,514.327,0,0,-1,0,1,0,1,0,0,x->z y->y z->-x,,1045286.7,0.997
11,1,F10256760--_1-248 Lead Brick_008,-197.722,113.759,666.75,-1,0,0,0,0,1,0,1,0,x->-x y->z z->y,,1048772.1,1.0
12,1,F10256760--_1-248 Lead Brick_009,-682.373,18.669,311.127,0,0,-1,0,1,0,1,0,0,x->z y->y z->-x,,1045286.7,0.997
13,4,F10258498--_1-Poly Front Outer_001,-590.715,-32.317,145.117,1,0,0,0,1,0,0,0,1,x->x y->y z->z,,4956599.8,0.987
14,1,F10256760--_1-248 Lead Brick_010,5.878,113.611,463.55,-1,0,0,0,0,1,0,1,0,x->-x y->z z->y,,1048772.1,1.0
15,1,F10256760--_1-248 Lead Brick_011,-118.629,-23.662,-356.883,0,-1,0,1,0,0,0,0,1,x->y y->-x z->z,,1048494.7,0.998
16,0,F10257043--_1-2416 Lead Brick_003,-33.696,103.315,-179.083,-1,0,0,0,0,1,0,1,0,x->-x y->z z->y,,2097337.4,1.0
17,1,F10256760--_1-248 Lead Brick_012,-760.425,120.464,514.327,0,0,-1,0,1,0,1,0,0,x->z y->y z->-x,,1048529.7,0.998
18,5,F10258764--_1-Poly Top Edge_001,-798.894,95.018,514.327,0,0,-1,0,1,0,1,0,0,x->z y->y z->-x,,2359737.2,0.99
19,1,F10256760--_1-248 Lead Brick_013,-426.415,120.163,183.222,1,0,0,0,1,0,0,0,1,x->x y->y z->z,,1047762.3,0.997
20,1,F10256760--_1-248 Lead Brick_014,-682.446,-82.767,514.327,0,0,-1,0,1,0,1,0,0,x->z y->y z->-x,,1048668.6,1.0
21,1,F10256760--_1-248 Lead Brick_015,-197.722,113.759,260.35,-1,0,0,0,0,1,0,1,0,x->-x y->z z->y,,1048772.1,1.0
22,1,F10256760--_1-248 Lead Brick_016,-349.797,-184.647,261.364,1,0,0,0,1,0,0,0,1,x->x y->y z->z,,1047871.7,0.999
23,5,F10258764--_1-Poly Top Edge_002,-721.288,94.976,514.327,0,0,-1,0,1,0,1,0,0,x->z y->y z->-x,,2359737.2,0.961
24,6,F10268506--_1-Poly Lead Block_001,-39.906,1.713,-306.083,0,1,0,0,0,1,1,0,0,x->z y->x z->y,,432410.4,1.0
25,1,F10256760--_1-248 Lead Brick_017,-760.646,-82.71,717.527,0,0,-1,0,1,0,1,0,0,x->z y->y z->-x,,1048668.6,1.0
26,1,F10256760--_1-248 Lead Brick_018,-349.797,-83.045,261.364,1,0,0,0,1,0,0,0,1,x->x y->y z->z,,1047819.9,0.999
27,1,F10256760--_1-248 Lead Brick_019,5.878,113.611,768.35,-1,0,0,0,0,1,0,1,0,x->-x y->z z->y,,1048772.1,1.0
28,7,F10258640--_1-BASE PLATE MACHINING_001,-327.006,-248.582,355.6,-1,0,0,0,0,1,0,1,0,x->-x y->z z->y,,33779987.4,1.0
29,8,F10268354--_1-SSC Tungsten Block_001,-0.035,-0.574,-50.8,1,0,0,0,0,1,0,-1,0,x->x y->-z z->y,,1275375.0,0.998
30,1,F10256760--_1-248 Lead Brick_020,-760.573,18.88,514.327,0,0,-1,0,1,0,1,0,0,x->z y->y z->-x,,1048478.0,1.0
31,1,F10256760--_1-248 Lead Brick_021,5.878,113.611,666.75,-1,0,0,0,0,1,0,1,0,x->-x y->z z->y,,1048772.1,1.0
32,0,F10257043--_1-2416 Lead Brick_004,-120.928,-101.313,30.95,1,0,0,0,1,0,0,0,1,x->x y->y z->z,,2076408.2,0.99
33,1,F10256760--_1-248 Lead Brick_022,-553.979,-108.553,748.35,-1,0,0,0,0,1,0,1,0,x->-x y->z z->y,,1044303.3,0.996
34,0,F10257043--_1-2416 Lead Brick_005,-120.928,101.734,30.95,1,0,0,0,1,0,0,0,1,x->x y->y z->z,,2097544.2,1.0
35,1,F10256760--_1-248 Lead Brick_023,-350.379,-108.701,646.75,-1,0,0,0,0,1,0,1,0,x->-x y->z z->y,,1044303.3,0.996
36,1,F10256760--_1-248 Lead Brick_024,-553.979,-108.553,646.75,-1,0,0,0,0,1,0,1,0,x->-x y->z z->y,,1044303.3,0.996
37,0,F10257043--_1-2416 Lead Brick_006,-120.928,203.334,107.248,1,0,0,0,1,0,0,0,1,x->x y->y z->z,,2089079.7,0.996
38,1,F10256760--_1-248 Lead Brick_025,-350.379,-108.701,545.15,-1,0,0,0,0,1,0,1,0,x->-x y->z z->y,,1044303.3,0.996
39,0,F10257043--_1-2416 Lead Brick_007,82.272,101.734,107.448,1,0,0,0,1,0,0,0,1,x->x y->y z->z,,2089079.7,0.996
40,0,F10257043--_1-2416 Lead Brick_008,82.272,-101.313,107.448,1,0,0,0,1,0,0,0,1,x->x y->y z->z,,2068029.0,0.986
41,1,F10256760--_1-248 Lead Brick_026,-553.979,-108.553,545.15,-1,0,0,0,0,1,0,1,0,x->-x y->z z->y,,1044303.3,0.996
42,1,F10256760--_1-248 Lead Brick_027,-350.379,-108.701,443.55,-1,0,0,0,0,1,0,1,0,x->-x y->z z->y,,1044303.3,0.996
43,9,F10257205--_1-SSC Hole Lead L_001,-120.782,-0.394,107.248,-1,0,0,0,-1,0,0,0,1,x->-x y->-y z->z,,1874896.4,0.989
44,1,F10256760--_1-248 Lead Brick_028,-553.979,-108.445,443.55,-1,0,0,0,0,1,0,1,0,x->-x y->z z->y,,1048772.1,1.0
45,0,F10257043--_1-2416 Lead Brick_009,82.272,203.334,30.95,1,0,0,0,1,0,0,0,1,x->x y->y z->z,,2097544.2,1.0
46,1,F10256760--_1-248 Lead Brick_029,-350.376,-108.701,341.95,-1,0,0,0,0,1,0,1,0,x->-x y->z z->y,,1044277.5,0.996
47,10,F10258954--_1-Steel SCC Blocks_001,209.274,-194.398,107.15,0,1,0,0,0,1,1,0,0,x->z y->x z->y,,2568224.3,0.992
48,1,F10256760--_1-248 Lead Brick_030,-299.634,-184.832,392.75,0,1,0,0,0,1,1,0,0,x->z y->x z->y,,1044091.8,0.996
49,1,F10256760--_1-248 Lead Brick_031,-197.634,-185.128,412.75,0,1,0,0,0,1,1,0,0,x->z y->x z->y,,1044091.8,0.996
50,1,F10256760--_1-248 Lead Brick_032,-222.528,203.334,30.95,1,0,0,0,1,0,0,0,1,x->x y->y z->z,,1048772.1,1.0
51,1,F10256760--_1-248 Lead Brick_033,-554.034,-184.758,748.35,-1,0,0,0,0,1,0,1,0,x->-x y->z z->y,,1044091.8,0.996
52,1,F10256760--_1-248 Lead Brick_034,-222.528,0.134,30.95,1,0,0,0,1,0,0,0,1,x->x y->y z->z,,1048772.1,1.0
53,1,F10256760--_1-248 Lead Brick_035,183.872,101.734,30.95,1,0,0,0,1,0,0,0,1,x->x y->y z->z,,1048772.1,1.0
54,1,F10256760--_1-248 Lead Brick_036,56.745,-185.202,768.35,-1,0,0,0,0,1,0,1,0,x->-x y->z z->y,,1043876.6,0.995
55,1,F10256760--_1-248 Lead Brick_037,183.872,-101.313,30.95,1,0,0,0,1,0,0,0,1,x->x y->y z->z,,1038204.1,0.99
56,1,F10256760--_1-248 Lead Brick_038,-350.434,-184.906,748.35,-1,0,0,0,0,1,0,1,0,x->-x y->z z->y,,1044091.8,0.996
57,0,F10257043--_1-2416 Lead Brick_010,-45.152,-185.054,260.35,-1,0,0,0,0,1,0,1,0,x->-x y->z z->y,,2087338.6,0.995
58,1,F10256760--_1-248 Lead Brick_039,-222.528,101.734,107.448,1,0,0,0,1,0,0,0,1,x->x y->y z->z,,1044539.8,0.996
59,1,F10256760--_1-248 Lead Brick_040,-222.528,-101.313,107.448,1,0,0,0,1,0,0,0,1,x->x y->y z->z,,1034014.5,0.986
60,1,F10256760--_1-248 Lead Brick_041,-452.034,-184.832,443.55,-1,0,0,0,0,1,0,1,0,x->-x y->z z->y,,1044091.8,0.996
61,1,F10256760--_1-248 Lead Brick_042,-452.034,-184.832,341.95,-1,0,0,0,0,1,0,1,0,x->-x y->z z->y,,1044091.8,0.996
62,1,F10256760--_1-248 Lead Brick_043,183.872,203.334,107.448,1,0,0,0,1,0,0,0,1,x->x y->y z->z,,1044539.8,0.996
63,1,F10256760--_1-248 Lead Brick_044,-146.834,-185.054,768.35,-1,0,0,0,0,1,0,1,0,x->-x y->z z->y,,1044091.8,0.996
64,1,F10256760--_1-248 Lead Brick_045,183.924,0.134,107.448,1,0,0,0,1,0,0,0,1,x->x y->y z->z,,1044003.7,0.995
65,1,F10256760--_1-248 Lead Brick_046,107.166,-185.054,412.75,0,1,0,0,0,1,1,0,0,x->z y->x z->y,,1044091.8,0.996
66,1,F10256760--_1-248 Lead Brick_047,-45.234,-185.054,463.55,-1,0,0,0,0,1,0,1,0,x->-x y->z z->y,,1044091.8,0.996
67,11,F10257203--_1-SSC Poly_001,-19.12,-59.18,69.25,1,0,0,0,-1,0,0,0,-1,x->x y->-y z->-z,,2789741.2,0.995
68,12,F10257203--_1-SSC Poly_002,-19.309,144.675,69.25,1,0,0,0,1,0,0,0,1,x->x y->y z->z,,3389757.5,1.0
69,11,F10257203--_1-SSC Poly_003,-19.12,-59.18,145.353,1,0,0,0,-1,0,0,0,-1,x->x y->-y z->-z,,2767225.5,0.987
70,12,F10257203--_1-SSC Poly_004,-19.309,144.675,145.353,1,0,0,0,1,0,0,0,1,x->x y->y z->z,,3362399.1,0.992
71,13,F10259465--_1-Right Edge Poly_001,298.432,254.124,4.55,6.1415716262613884e-15,-0.0,-1.0,-0.9999999999999999,0.0,-7.119955666712308e-15,-0.0,1.0,-0.0,x->-y y->z z->-x,,6487133.3,0.898
72,1,F10256760--_1-248 Lead Brick_048,260.195,18.112,717.55,0,0,-1,0,1,0,1,0,0,x->z y->y z->-x,,1048668.6,1.0
73,1,F10256760--_1-248 Lead Brick_049,260.195,18.112,514.35,0,0,-1,0,1,0,1,0,0,x->z y->y z->-x,,1048668.6,1.0
74,1,F10256760--_1-248 Lead Brick_050,260.195,18.112,311.15,0,0,-1,0,1,0,1,0,0,x->z y->y z->-x,,1048668.6,1.0
75,14,F10256946--_1-Right Cu 6in_001,152.154,-8.18,520.703,0,0,-1,0,1,0,1,0,0,x->z y->y z->-x,,1115632.0,0.979
76,1,F10256760--_1-248 Lead Brick_051,183.972,18.17,311.15,0,0,-1,0,1,0,1,0,0,x->z y->y z->-x,,1045519.1,0.997
77,1,F10256760--_1-248 Lead Brick_052,183.972,18.17,717.55,0,0,-1,0,1,0,1,0,0,x->z y->y z->-x,,1045519.1,0.997
78,1,F10256760--_1-248 Lead Brick_053,-452.034,-184.832,545.15,-1,0,0,0,0,1,0,1,0,x->-x y->z z->y,,1044091.8,0.996
79,1,F10256760--_1-248 Lead Brick_054,-452.034,-184.832,646.75,-1,0,0,0,0,1,0,1,0,x->-x y->z z->y,,1044091.8,0.996
80,1,F10256760--_1-248 Lead Brick_055,-299.634,-184.832,595.95,0,1,0,0,0,1,1,0,0,x->z y->x z->y,,1044091.8,0.996
81,1,F10256760--_1-248 Lead Brick_056,-45.234,-185.054,666.75,-1,0,0,0,0,1,0,1,0,x->-x y->z z->y,,1044091.8,0.996
82,1,F10256760--_1-248 Lead Brick_057,-45.234,-185.128,565.15,-1,0,0,0,0,1,0,1,0,x->-x y->z z->y,,1044091.8,0.996
83,1,F10256760--_1-248 Lead Brick_058,107.166,-185.054,615.95,0,1,0,0,0,1,1,0,0,x->z y->x z->y,,1044091.8,0.996
84,1,F10256760--_1-248 Lead Brick_059,-197.634,-185.128,615.95,0,1,0,0,0,1,1,0,0,x->z y->x z->y,,1044091.8,0.996
85,1,F10256760--_1-248 Lead Brick_060,-553.581,-108.445,341.95,-1,0,0,0,0,1,0,1,0,x->-x y->z z->y,,1048746.1,1.0
86,1,F10256760--_1-248 Lead Brick_061,-604.434,-184.832,392.75,0,1,0,0,0,1,1,0,0,x->z y->x z->y,,1044091.8,0.996
87,15,F10258520--_1-Bot Square Poly_001,-245.189,-146.875,209.55,-1.0,0.0,7.119955666712308e-15,1.731891539902275e-13,0.0,-1.0,-0.0,-1.0,0.0,x->-x y->-z z->-y,,11673973.6,0.991
88,15,F10258520--_1-Bot Square Poly_002,-245.189,-223.183,209.55,-0.9999999999999998,0.0,7.119955666712308e-15,-7.428031714024064e-14,0.0,-1.0,-0.0,-1.0,0.0,x->-x y->-z z->-y,,11774144.1,1.0
89,1,F10256760--_1-248 Lead Brick_062,56.821,-108.872,768.35,-1,0,0,0,0,1,0,1,0,x->-x y->z z->y,,1048097.2,0.999
90,1,F10256760--_1-248 Lead Brick_063,56.821,-108.872,666.75,-1,0,0,0,0,1,0,1,0,x->-x y->z z->y,,1048097.2,0.999
91,1,F10256760--_1-248 Lead Brick_064,56.821,-108.872,565.15,-1,0,0,0,0,1,0,1,0,x->-x y->z z->y,,1048097.2,0.999
92,1,F10256760--_1-248 Lead Brick_065,56.821,-108.872,463.55,-1,0,0,0,0,1,0,1,0,x->-x y->z z->y,,1048097.2,0.999
93,1,F10256760--_1-248 Lead Brick_066,56.821,-108.872,361.95,-1,0,0,0,0,1,0,1,0,x->-x y->z z->y,,1048097.2,0.999
94,1,F10256760--_1-248 Lead Brick_067,-146.779,-108.849,768.35,-1,0,0,0,0,1,0,1,0,x->-x y->z z->y,,1044303.3,0.996
95,1,F10256760--_1-248 Lead Brick_068,-146.779,-108.849,666.75,-1,0,0,0,0,1,0,1,0,x->-x y->z z->y,,1044303.3,0.996
96,1,F10256760--_1-248 Lead Brick_069,-146.779,-108.849,565.15,-1,0,0,0,0,1,0,1,0,x->-x y->z z->y,,1044303.3,0.996
97,1,F10256760--_1-248 Lead Brick_070,-146.779,-108.849,463.55,-1,0,0,0,0,1,0,1,0,x->-x y->z z->y,,1044303.3,0.996
98,1,F10256760--_1-248 Lead Brick_071,-146.779,-108.849,361.95,-1,0,0,0,0,1,0,1,0,x->-x y->z z->y,,1044303.3,0.996
99,0,F10257043--_1-2416 Lead Brick_011,-45.097,-108.849,260.35,-1,0,0,0,0,1,0,1,0,x->-x y->z z->y,,2087761.5,0.995
100,1,F10256760--_1-248 Lead Brick_072,-350.379,-108.701,748.35,-1,0,0,0,0,1,0,1,0,x->-x y->z z->y,,1044303.3,0.996
101,16,F10258500--_1-Poly Front Inner_001,-452.097,-84.008,222.152,1,0,0,0,1,0,0,0,1,x->x y->y z->z,,3135174.0,0.991
102,1,F10256760--_1-248 Lead Brick_073,-552.915,-83.045,261.364,1,0,0,0,1,0,0,0,1,x->x y->y z->z,,1048668.6,1.0
103,1,F10256760--_1-248 Lead Brick_074,-401.322,113.835,336.55,-1,0,0,0,0,1,0,1,0,x->-x y->z z->y,,1045819.4,0.997
104,1,F10256760--_1-248 Lead Brick_075,-604.922,113.983,438.15,-1,0,0,0,0,1,0,1,0,x->-x y->z z->y,,1045819.4,0.997
105,1,F10256760--_1-248 Lead Brick_076,-760.72,-184.313,717.527,0,0,-1,0,1,0,1,0,0,x->z y->y z->-x,,1048720.3,1.0
106,1,F10256760--_1-248 Lead Brick_077,-760.646,-82.72,311.127,0,0,-1,0,1,0,1,0,0,x->z y->y z->-x,,1048478.0,1.0
107,1,F10256760--_1-248 Lead Brick_078,-604.922,113.983,336.55,-1,0,0,0,0,1,0,1,0,x->-x y->z z->y,,1045819.4,0.997
108,2,F10260711--_1-Top Plate Holes_001,-248.276,78.669,685.8,1,0,0,0,0,-1,0,1,0,x->x y->z z->-y,,5433781.4,0.983
109,0,F10257043--_1-2416 Lead Brick_012,-33.733,52.51,-280.683,-1,0,0,0,0,1,0,1,0,x->-x y->z z->y,,2097337.4,1.0
110,1,F10256760--_1-248 Lead Brick_079,118.667,1.713,-229.883,0,1,0,0,0,1,1,0,0,x->z y->x z->y,,1048772.1,1.0
111,17,F10258769--_1-Left cu small inner_001,-649.889,-1.722,763.527,0,0,1,1,0,0,0,1,0,x->y y->z z->x,,193804.7,0.997
112,1,F10256760--_1-248 Lead Brick_080,-760.573,18.88,717.527,0,0,-1,0,1,0,1,0,0,x->z y->y z->-x,,1048478.0,1.0
113,1,F10256760--_1-248 Lead Brick_081,-197.722,113.759,768.35,-1,0,0,0,0,1,0,1,0,x->-x y->z z->y,,1048772.1,1.0
114,1,F10256760--_1-248 Lead Brick_082,-401.322,113.835,539.75,-1,0,0,0,0,1,0,1,0,x->-x y->z z->y,,1045819.4,0.997
115,1,F10256760--_1-248 Lead Brick_083,-731.615,-184.626,183.185,1,0,0,0,1,0,0,0,1,x->x y->y z->z,,1047909.0,0.997
116,1,F10256760--_1-248 Lead Brick_084,-760.72,-184.313,311.127,0,0,-1,0,1,0,1,0,0,x->z y->y z->-x,,1048720.3,1.0
117,5,F10269769--_1-Top Poly right_001,222.032,94.267,514.35,0,0,-1,0,1,0,1,0,0,x->z y->y z->-x,,2359737.2,0.994
118,5,F10261812--_1-Right Poly Outer Top_001,298.432,94.212,515.05,0,0,-1,0,1,0,1,0,0,x->z y->y z->-x,,2359737.2,0.995
119,1,F10256760--_1-248 Lead Brick_085,158.278,113.463,717.55,0,1,0,0,0,1,1,0,0,x->z y->x z->y,,1048772.1,1.0
120,1,F10256760--_1-248 Lead Brick_086,-604.922,113.983,641.35,-1,0,0,0,0,1,0,1,0,x->-x y->z z->y,,1045819.4,0.997
121,1,F10256760--_1-248 Lead Brick_087,-682.52,-184.37,311.127,0,0,-1,0,1,0,1,0,0,x->z y->y z->-x,,1048720.3,1.0
122,1,F10256760--_1-248 Lead Brick_088,-426.415,-83.026,183.185,1,0,0,0,1,0,0,0,1,x->x y->y z->z,,1047909.0,0.997
123,1,F10256760--_1-248 Lead Brick_089,-731.615,18.567,183.185,1,0,0,0,1,0,0,0,1,x->x y->y z->z,,1047762.3,0.997
124,18,F10268504--_1-Poly Block Reduced_001,-18.927,-14.662,-524.169,-1,0,0,0,0,1,0,1,0,x->-x y->z z->y,,19988994.4,1.0
125,1,F10256760--_1-248 Lead Brick_090,158.278,113.611,514.35,0,1,0,0,0,1,1,0,0,x->z y->x z->y,,1048772.1,1.0
126,1,F10256760--_1-248 Lead Brick_091,-682.52,-184.37,514.327,0,0,-1,0,1,0,1,0,0,x->z y->y z->-x,,1048720.3,1.0
127,1,F10256760--_1-248 Lead Brick_092,-604.522,139.307,260.35,1,0,0,0,1,0,0,0,1,x->x y->y z->z,,1048772.1,1.0
128,1,F10256760--_1-248 Lead Brick_093,-197.722,113.759,463.55,-1,0,0,0,0,1,0,1,0,x->-x y->z z->y,,1048772.1,1.0
129,0,F10257043--_1-2416 Lead Brick_013,-33.733,-49.085,-280.683,-1,0,0,0,0,1,0,1,0,x->-x y->z z->y,,2097337.4,1.0
130,1,F10256760--_1-248 Lead Brick_094,-426.415,18.567,183.185,1,0,0,0,1,0,0,0,1,x->x y->y z->z,,1047762.3,0.997
131,1,F10256760--_1-248 Lead Brick_095,-682.373,18.669,717.527,0,0,-1,0,1,0,1,0,0,x->z y->y z->-x,,1045286.7,0.997
132,1,F10256760--_1-248 Lead Brick_096,5.878,113.611,260.35,-1,0,0,0,0,1,0,1,0,x->-x y->z z->y,,1048772.1,1.0
133,1,F10256760--_1-248 Lead Brick_097,-760.425,120.455,311.127,0,0,-1,0,1,0,1,0,0,x->z y->y z->-x,,1048720.3,0.999
134,1,F10256760--_1-248 Lead Brick_098,-401.322,113.835,438.15,-1,0,0,0,0,1,0,1,0,x->-x y->z z->y,,1045819.4,0.997
135,19,F10258631--_1-Small Triangle Lead_001,-248.115,-7.002,210.601,0.9999999999999998,6.854260539870726e-33,1.8008598084984229e-16,-6.1179360189012044e-15,1.1203410551080871e-18,1.0,-0.0,-1.0,1.1203410551080871e-18,x->x y->-z z->y,yes,441485.0,0.996
136,1,F10256760--_1-248 Lead Brick_099,-682.446,-82.767,717.527,0,0,-1,0,1,0,1,0,0,x->z y->y z->-x,,1048668.6,1.0
137,1,F10256760--_1-248 Lead Brick_100,5.878,113.611,565.15,-1,0,0,0,0,1,0,1,0,x->-x y->z z->y,,1048772.1,1.0
138,0,F10257043--_1-2416 Lead Brick_014,-33.733,52.51,-179.083,-1,0,0,0,0,1,0,1,0,x->-x y->z z->y,,2097337.4,1.0
139,1,F10256760--_1-248 Lead Brick_101,118.709,-23.662,-356.883,0,-1,0,1,0,0,0,0,1,x->y y->-x z->z,,1048772.1,0.998
140,1,F10256760--_1-248 Lead Brick_102,-760.425,120.464,717.527,0,0,-1,0,1,0,1,0,0,x->z y->y z->-x,,1048529.7,0.998
141,1,F10256760--_1-248 Lead Brick_103,-552.915,-184.647,261.364,1,0,0,0,1,0,0,0,1,x->x y->y z->z,,1048720.3,1.0
142,20,F10258765--_1-Poly top front edge_001,-502.922,139.307,222.25,1,0,0,0,1,0,0,0,1,x->x y->y z->z,,1048772.1,1.0
143,21,F10258291--_1-Right Poly Longwall_001,-721.288,-108.198,514.327,0,0,-1,0,1,0,1,0,0,x->z y->y z->-x,,3931347.0,0.984
144,1,F10256760--_1-248 Lead Brick_104,-197.722,113.759,565.15,-1,0,0,0,0,1,0,1,0,x->-x y->z z->y,,1048772.1,1.0
145,21,F10258291--_1-Right Poly Longwall_002,-798.894,-108.142,514.327,0,0,-1,0,1,0,1,0,0,x->z y->y z->-x,,3931347.0,1.0
146,1,F10256760--_1-248 Lead Brick_105,-552.915,18.392,261.364,1,0,0,0,1,0,0,0,1,x->x y->y z->z,,1045286.7,0.997
147,1,F10256760--_1-248 Lead Brick_106,-604.922,113.983,742.95,-1,0,0,0,0,1,0,1,0,x->-x y->z z->y,,1045819.4,0.997
148,1,F10256760--_1-248 Lead Brick_107,-682.446,-82.767,311.127,0,0,-1,0,1,0,1,0,0,x->z y->y z->-x,,1048668.6,1.0
149,1,F10256760--_1-248 Lead Brick_108,5.878,113.611,361.95,-1,0,0,0,0,1,0,1,0,x->-x y->z z->y,,1048772.1,1.0
150,1,F10256760--_1-248 Lead Brick_109,-169.46,1.713,-179.083,-1,0,0,0,0,1,0,1,0,x->-x y->z z->y,,1048772.1,1.0
151,22,F10257621--_1-Cu Bottom Cut_001,-89.489,-77.243,610.955,0.9999999999999998,-0.0,2.800494211530058e-16,8.272538470216473e-14,0.0,1.0,-0.0,-1.0,-0.0,x->x y->-z z->y,,848191.1,0.946
152,23,F10257621--_1-Cu Bottom Cut_002,-126.763,-77.243,209.55,-0.9999999999999999,-0.0,2.800494211530058e-16,-7.946117722146262e-15,0.0,1.0,-0.0,1.0,-0.0,x->-x y->z z->y,yes,2400519.0,0.948
153,1,F10256760--_1-248 Lead Brick_110,-45.234,-185.128,361.95,-1,0,0,0,0,1,0,1,0,x->-x y->z z->y,,1044091.8,0.996
154,1,F10256760--_1-248 Lead Brick_111,-604.434,-184.832,595.95,0,1,0,0,0,1,1,0,0,x->z y->x z->y,,1044091.8,0.996
155,1,F10256760--_1-248 Lead Brick_112,183.972,18.17,514.35,0,0,-1,0,1,0,1,0,0,x->z y->y z->-x,,1045519.1,0.997
156,24,F10256933--_1-Middle Back Cu 6in_001,144.021,-2.61,380.064,0.9999999999999999,-0.0,1.8008598084984229e-16,-6.626643678231403e-16,0.0,1.0,-0.0,-1.0,0.0,x->x y->-z z->y,yes,225361.8,0.992
157,25,F10264704--_1-LaBr Cu_001,40.605,-0.574,249.8,1.0,0.0,6.123233995737e-17,1.3608588713930619e-36,1.0,-2.222451195463856e-20,-6.123233995737e-17,2.222451195463856e-20,1.0,x->x y->y z->z,,433703.6,0.978
158,26,F10259124--_1-Top Slated Lead_001,-6.481,55.221,380.064,0.9999999999999999,-0.0,1.8008598084984229e-16,6.773010971516946e-16,0.0,1.0,-0.0,-1.0,0.0,x->x y->-z z->y,yes,452608.1,0.999
159,27,F10257675--_1-Cu Mid Left Wall_001,-273.411,-1.695,628.947,0.9999999999999999,-0.0,-2.719937990114385e-15,-3.1932030804260325e-14,0.0,1.0,-0.0,-1.0,0.0,x->x y->-z z->y,yes,320422.6,0.997
160,1,F10256760--_1-248 Lead Brick_113,-731.615,-83.026,183.185,1,0,0,0,1,0,0,0,1,x->x y->y z->z,,1047909.0,0.997
161,28,F10257576--_1-Angled Lead 6in_001,-129.21,-7.171,502.706,-0.0,1.0,2.800494211530058e-16,0.0,-2.800494211530058e-16,1.0,1.0,-0.0,0.0,x->z y->x z->y,yes,785461.9,0.999
162,29,F10257580--_1-Lead Middle Hole Cut_001,145.906,-7.647,380.064,-1.0,0.0,-1.8008598084984229e-16,2.2636406638021356e-14,0.0,-1.0,-0.0,-1.0,0.0,x->-x y->-z z->-y,yes,811920.5,0.994
163,30,F10268471--_1-Small SSC R_001,-100.908,-86.356,-50.8,0,0,1,1,0,0,0,1,0,x->y y->z z->x,,573353.0,0.99
164,30,F10268472--_1-Small SSC Right_001,100.708,-86.613,-50.8,0,0,1,1,0,0,0,1,0,x->y y->z z->x,,573731.1,0.99
165,31,F10257581--_1-Lead Middle Cut_001,-6.568,-70.797,380.064,-1.0,-0.0,1.8008598084984229e-16,-2.669229854507238e-14,0.0,1.0,-0.0,1.0,-0.0,x->-x y->z z->y,yes,482226.5,0.981
166,1,F10256760--_1-248 Lead Brick_114,-158.968,43.521,769.032,-1,0,0,0,0,1,0,1,0,x->-x y->z z->y,,1048772.1,1.0
167,1,F10256760--_1-248 Lead Brick_115,-158.968,-32.571,794.432,1,0,0,0,1,0,0,0,1,x->x y->y z->z,,1046537.7,0.998
168,32,F10268474--_1-Small SSC Base_001,-0.106,-60.746,-50.8,-1,0,0,0,0,1,0,1,0,x->-x y->z z->y,,383570.7,0.993
169,1,F10256760--_1-248 Lead Brick_116,-158.968,-32.571,743.632,1,0,0,0,1,0,0,0,1,x->x y->y z->z,,1046537.7,0.998
170,33,F10268496--_1-Small SSC Bot_001,-0.201,-229.494,-50.8,-1,0,0,0,0,1,0,1,0,x->-x y->z z->y,,308980.6,0.987
171,1,F10256760--_1-248 Lead Brick_117,-147.171,18.121,628.43,-0.7071067811860855,-1.9949319973733282e-17,-0.7071067811860855,-9.595189226496714e-17,1.0,-3.9584221317445767e-16,0.7071067811870096,0.0,-0.7071067811870096,oblique-45,yes,1048772.1,1.0
172,1,F10256760--_1-248 Lead Brick_118,-165.131,-57.98,610.469,0.7071067811860855,-0.7071067811860855,-1.9949319973733282e-17,9.595189226496714e-17,-4.958056534776212e-16,1.0,-0.7071067811870096,-0.7071067811870096,0.0,oblique-45,yes,1044303.3,0.996
173,34,F10268476--_1-Small SSC Top_001,0.003,59.638,-50.8,-1,0,0,0,0,1,0,1,0,x->-x y->z z->y,,460408.9,0.999
174,1,F10256760--_1-248 Lead Brick_119,-197.722,113.759,361.95,-1,0,0,0,0,1,0,1,0,x->-x y->z z->y,,1048772.1,1.0
175,35,F10257166--_1-LaBr Lead Hole_001,44.355,-7.647,456.258,1,0,0,0,-1,0,0,0,-1,x->x y->-y z->-z,,942468.8,0.994
176,1,F10256760--_1-248 Lead Brick_120,-183.092,18.121,592.509,-0.7071067811860855,2.800494211530058e-16,-0.7071067811860855,-9.595189226496714e-17,1.0,4.119968255444917e-18,0.7071067811870096,0.0,-0.7071067811870096,oblique-45,yes,1048772.1,1.0
177,0,F10257043--_1-2416 Lead Brick_015,-33.77,-99.881,-280.683,-1,0,0,0,0,1,0,1,0,x->-x y->z z->y,,2096604.5,1.0
178,36,F10257171--_1-Middle Slanted Cu 6in_001,-11.801,-1.695,367.336,-0.9999999999999999,2.0278116384453206e-29,-1.522003009735151e-14,8.217493525919384e-15,2.4676983546856324e-15,1.0,-0.0,1.0,-2.4676983546856324e-15,x->-x y->z z->y,yes,666836.6,0.997
179,37,F10256931--_1-Middle Right Cu 6in_001,-51.018,-1.695,656.764,0,0,-1,0,1,0,1,0,0,x->z y->y z->-x,,566077.0,0.997
180,38,F10256932--_1-Middle Back Cu 6in_001,45.434,-2.61,488.006,-1,0,0,0,-1,0,0,0,1,x->-x y->-y z->z,,324221.2,0.991
181,1,F10256760--_1-248 Lead Brick_121,-349.715,18.392,261.364,1,0,0,0,1,0,0,0,1,x->x y->y z->z,,1045286.7,0.997
182,39,F10258758--_1-Poly Top S sq walls_001,-42.771,151.878,514.35,0,1,0,0,0,1,1,0,0,x->z y->x z->y,,7803855.4,1.0
183,40,F10258758--_1-Poly Top S sq walls_002,-500.521,151.95,553.1,0,1,0,0,0,1,1,0,0,x->z y->x z->y,,5503368.0,0.994
184,1,F10256760--_1-248 Lead Brick_122,260.269,119.714,311.15,0,0,-1,0,1,0,1,0,0,x->z y->y z->-x,,1048720.3,1.0
185,1,F10256760--_1-248 Lead Brick_123,-401.322,113.835,641.35,-1,0,0,0,0,1,0,1,0,x->-x y->z z->y,,1045819.4,0.997
186,1,F10256760--_1-248 Lead Brick_124,260.269,119.714,514.35,0,0,-1,0,1,0,1,0,0,x->z y->y z->-x,,1048720.3,1.0
187,1,F10256760--_1-248 Lead Brick_125,260.269,119.714,717.55,0,0,-1,0,1,0,1,0,0,x->z y->y z->-x,,1048720.3,1.0
188,10,F10258954--_1-Steel SCC Blocks_002,-247.931,-194.066,107.15,0,1,0,0,0,1,1,0,0,x->z y->x z->y,,2568224.3,0.992
189,10,F10258954--_1-Steel SCC Blocks_003,-95.528,-194.177,107.15,0,1,0,0,0,1,1,0,0,x->z y->x z->y,,2568139.7,0.992
190,10,F10258954--_1-Steel SCC Blocks_004,56.872,-194.288,107.15,0,1,0,0,0,1,1,0,0,x->z y->x z->y,,2568139.7,0.992
191,1,F10256760--_1-248 Lead Brick_126,-760.646,-82.71,514.327,0,0,-1,0,1,0,1,0,0,x->z y->y z->-x,,1048668.6,1.0
192,1,F10256760--_1-248 Lead Brick_127,-401.322,139.307,260.35,1,0,0,0,1,0,0,0,1,x->x y->y z->z,,1048772.1,1.0
193,0,F10257043--_1-2416 Lead Brick_016,-120.928,101.734,183.35,1,0,0,0,1,0,0,0,1,x->x y->y z->z,,2097544.2,1.0
194,0,F10257043--_1-2416 Lead Brick_017,-120.928,-101.313,183.35,1,0,0,0,1,0,0,0,1,x->x y->y z->z,,2076408.2,0.99
195,0,F10257043--_1-2416 Lead Brick_018,-33.733,-49.085,-179.083,-1,0,0,0,0,1,0,1,0,x->-x y->z z->y,,2097337.4,1.0
196,1,F10256760--_1-248 Lead Brick_128,183.899,-83.419,717.55,0,0,-1,0,1,0,1,0,0,x->z y->y z->-x,,1045182.6,0.997
197,1,F10256760--_1-248 Lead Brick_129,183.872,101.734,183.35,1,0,0,0,1,0,0,0,1,x->x y->y z->z,,1048772.1,1.0
198,1,F10256760--_1-248 Lead Brick_130,260.145,-83.488,514.35,0,0,-1,0,1,0,1,0,0,x->z y->y z->-x,,1047694.2,0.999
199,1,F10256760--_1-248 Lead Brick_131,260.145,-83.488,311.15,0,0,-1,0,1,0,1,0,0,x->z y->y z->-x,,1047694.2,0.999
200,41,F10257204--_1-SSC Hole Lead R_001,82.47,-0.394,183.35,1,0,0,0,-1,0,0,0,-1,x->x y->-y z->-z,,1883029.5,0.993
201,1,F10256760--_1-248 Lead Brick_132,183.872,-101.313,183.35,1,0,0,0,1,0,0,0,1,x->x y->y z->z,,1038204.1,0.99
202,1,F10256760--_1-248 Lead Brick_133,260.071,-185.085,717.55,0,0,-1,0,1,0,1,0,0,x->z y->y z->-x,,1047635.6,0.999
203,0,F10257043--_1-2416 Lead Brick_019,-33.77,-99.881,-179.083,-1,0,0,0,0,1,0,1,0,x->-x y->z z->y,,2096604.5,1.0
204,1,F10256760--_1-248 Lead Brick_134,183.768,-185.049,311.15,0,0,-1,0,1,0,1,0,0,x->z y->y z->-x,,1047570.4,0.999
205,1,F10256760--_1-248 Lead Brick_135,183.768,-185.049,717.55,0,0,-1,0,1,0,1,0,0,x->z y->y z->-x,,1047570.4,0.999
206,42,F10258513--_1-Front Side Small Poly_001,-336.828,9.124,81.65,0,0,1,1,0,0,0,1,0,x->y y->z z->x,,1894281.2,1.0
207,1,F10256760--_1-248 Lead Brick_136,-426.415,-184.626,183.185,1,0,0,0,1,0,0,0,1,x->x y->y z->z,,1047909.0,0.997
208,0,F10257043--_1-2416 Lead Brick_020,82.272,203.334,183.35,1,0,0,0,1,0,0,0,1,x->x y->y z->z,,2097544.2,1.0
209,1,F10256760--_1-248 Lead Brick_137,-222.528,203.334,183.35,1,0,0,0,1,0,0,0,1,x->x y->y z->z,,1048772.1,1.0
210,21,F10258291--_1-Right Poly Longwall_003,222.008,-108.883,514.35,0,0,-1,0,1,0,1,0,0,x->z y->y z->-x,,3924041.3,0.998
211,1,F10256760--_1-248 Lead Brick_138,-222.528,0.134,183.35,1,0,0,0,1,0,0,0,1,x->x y->y z->z,,1048772.1,1.0
212,1,F10256760--_1-248 Lead Brick_139,260.321,-83.488,717.55,0,0,-1,0,1,0,1,0,0,x->z y->y z->-x,,1048668.6,1.0
213,1,F10256760--_1-248 Lead Brick_140,260.071,-185.085,514.35,0,0,-1,0,1,0,1,0,0,x->z y->y z->-x,,1047635.6,0.999
214,1,F10256760--_1-248 Lead Brick_141,183.899,-83.419,311.15,0,0,-1,0,1,0,1,0,0,x->z y->y z->-x,,1045182.6,0.997
215,43,F10257788--_1-Cu Insert Front_001,-40.675,-0.574,113.75,1.0,0.0,-0.0,0.0,-1.0,0.0,0.0,-0.0,-1.0,x->x y->-y z->-z,,187414.9,0.973
216,1,F10256760--_1-248 Lead Brick_142,183.768,-185.049,514.35,0,0,-1,0,1,0,1,0,0,x->z y->y z->-x,,1047570.4,0.999
217,1,F10256760--_1-248 Lead Brick_143,-760.499,18.862,311.127,0,0,-1,0,1,0,1,0,0,x->z y->y z->-x,,1048478.0,0.998
218,1,F10256760--_1-248 Lead Brick_144,183.899,-83.419,514.35,0,0,-1,0,1,0,1,0,0,x->z y->y z->-x,,1045182.6,0.997
219,1,F10256760--_1-248 Lead Brick_145,-401.322,113.835,742.95,-1,0,0,0,0,1,0,1,0,x->-x y->z z->y,,1045819.4,0.997
220,44,F10256945--_1-Cu Front Col 6in_001,-157.272,-2.61,222.245,-1.0,-3.9488494932786135e-46,1.8008598084984229e-16,2.1358782797964437e-15,-1.8488927466121436e-31,1.0,-0.0,1.0,1.8488927466121436e-31,x->-x y->z z->y,yes,487722.5,0.992
221,1,F10256760--_1-248 Lead Brick_146,260.071,-185.085,311.15,0,0,-1,0,1,0,1,0,0,x->z y->y z->-x,,1047635.6,0.999
222,41,F10257204--_1-SSC Hole Lead R_002,82.47,-0.394,30.65,1,0,0,0,-1,0,0,0,-1,x->x y->-y z->-z,,1883029.5,0.987
223,45,F10268774--_1-Shelf Changed_001,-37.583,-137.971,-383.569,0,1,0,0,0,1,1,0,0,x->z y->x z->y,,5675471.2,0.225
